"Node","Type","In_Degree","Out_Degree","Total_Degree","Betweenness","Closeness","PageRank","In_Cycle","SCC_ID","SCC_Size","cui","semtype"
"20_hydroxy_5_8_11_14_eicosatetraenoic_acid","regular",0,1,1,0,0.00116009280742459,0.000900598724988489,FALSE,276,1,"C0046616","eico"
"20_hydroxy_5_8_11_14_eicosatetraenoic_acid","regular",0,1,1,0,0.00116009280742459,0.000900598724988489,FALSE,276,1,"C0046616","orch"
"Abdominal_compartment_syndrome","regular",1,0,1,0,0.00116009280742459,0.00288037078240222,FALSE,335,1,"C1142110","dsyn"
"Abnormal_renal_function","regular",1,1,2,0,0.00116009280742459,0.00288037078240171,TRUE,277,44,"C0151746","patf"
"Acetate","regular",0,1,1,0,0.00116009280742459,0.000900598724988489,FALSE,272,1,"C0000975","orch"
"Acetate","regular",0,1,1,0,0.00116009280742459,0.000900598724988489,FALSE,272,1,"C0000975","phsu"
"Acetylcholinesterase","regular",0,1,1,0,0.000970873786407767,0.000900598724988489,FALSE,271,1,"C0001044","enzy"
"Acetylcholinesterase","regular",0,1,1,0,0.000970873786407767,0.000900598724988489,FALSE,271,1,"C0001044","aapp"
"Acetylcholinesterase","regular",0,1,1,0,0.000970873786407767,0.000900598724988489,FALSE,271,1,"C0001044","gngm"
"adenoma","regular",0,1,1,0,0.00116009280742459,0.000900598724988489,FALSE,32,1,"C0001430","neop"
"Administration_Oral","regular",0,1,1,0,0.00116009280742459,0.000900598724988489,FALSE,270,1,"C0001563","topp"
"Adrenal_Cortex_Hormones","regular",0,1,1,0,0.00116009280742459,0.000900598724988489,FALSE,269,1,"C0001617","phsu"
"Adrenal_Cortex_Hormones","regular",0,1,1,0,0.00116009280742459,0.000900598724988489,FALSE,269,1,"C0001617","strd"
"Adrenal_Cortex_Hormones","regular",0,1,1,0,0.00116009280742459,0.000900598724988489,FALSE,269,1,"C0001617","orch"
"Adrenal_Cortex_Hormones","regular",0,1,1,0,0.00116009280742459,0.000900598724988489,FALSE,269,1,"C0001617","horm"
"Adrenal_Gland_Neoplasms","regular",0,1,1,0,0.00116009280742459,0.000900598724988489,FALSE,268,1,"C0001624","neop"
"Adrenergic_Receptor","regular",0,1,1,0,0.00116009280742459,0.000900598724988489,FALSE,267,1,"C0034783","gngm"
"Adrenergic_Receptor","regular",0,1,1,0,0.00116009280742459,0.000900598724988489,FALSE,267,1,"C0034783","rcpt"
"Adrenergic_Receptor","regular",0,1,1,0,0.00116009280742459,0.000900598724988489,FALSE,267,1,"C0034783","aapp"
"Adverse_effects","regular",1,2,3,0,0.00129198966408269,0.00288037078240171,TRUE,277,44,"C0879626","patf"
"Agent","regular",0,2,2,0,0.00129198966408269,0.000900598724988489,FALSE,266,1,"C0450442","chvf"
"Aging","regular",1,0,1,0,0.000970873786407767,0.00551865234789726,FALSE,346,1,"C0001811","orgf"
"agonists","regular",0,1,1,0,0.00116009280742459,0.000900598724988489,FALSE,31,1,"C0243192","phsu"
"alanosine","regular",0,1,1,0,0.00116009280742459,0.000900598724988489,FALSE,30,1,"C0051066","aapp"
"alanosine","regular",0,1,1,0,0.00116009280742459,0.000900598724988489,FALSE,30,1,"C0051066","gngm"
"alanosine","regular",0,1,1,0,0.00116009280742459,0.000900598724988489,FALSE,30,1,"C0051066","phsu"
"Aldosterone","regular",0,1,1,0,0.00116009280742459,0.000900598724988489,FALSE,265,1,"C0002006","orch"
"Aldosterone","regular",0,1,1,0,0.00116009280742459,0.000900598724988489,FALSE,265,1,"C0002006","strd"
"Aldosterone","regular",0,1,1,0,0.00116009280742459,0.000900598724988489,FALSE,265,1,"C0002006","phsu"
"Aldosterone","regular",0,1,1,0,0.00116009280742459,0.000900598724988489,FALSE,265,1,"C0002006","horm"
"aluminum","regular",0,1,1,0,0.000970873786407767,0.000900598724988489,FALSE,29,1,"C0002367","elii"
"aluminum","regular",0,1,1,0,0.000970873786407767,0.000900598724988489,FALSE,29,1,"C0002367","phsu"
"aluminum_chloride","regular",0,1,1,0,0.000970873786407767,0.000900598724988489,FALSE,28,1,"C0102840","inch"
"aluminum_chloride","regular",0,1,1,0,0.000970873786407767,0.000900598724988489,FALSE,28,1,"C0102840","phsu"
"Alzheimers","outcome",121,23,144,12569.5,0.0015552099533437,0.124959098031649,TRUE,277,44,NA,NA
"Amyloid","regular",0,1,1,0,0.000970873786407767,0.000900598724988489,FALSE,264,1,"C0002716","aapp"
"Amyloid","regular",0,1,1,0,0.000970873786407767,0.000900598724988489,FALSE,264,1,"C0002716","gngm"
"Amyloid","regular",0,1,1,0,0.000970873786407767,0.000900598724988489,FALSE,264,1,"C0002716","bacs"
"Amyloid_beta","regular",0,1,1,0,0.000970873786407767,0.000900598724988489,FALSE,262,1,"C3484390","gngm"
"Amyloid_beta","regular",0,1,1,0,0.000970873786407767,0.000900598724988489,FALSE,262,1,"C3484390","aapp"
"Amyloid_beta_Peptides","regular",0,1,1,0,0.000970873786407767,0.000900598724988489,FALSE,261,1,"C0078939","aapp"
"Amyloid_beta_Peptides","regular",0,1,1,0,0.000970873786407767,0.000900598724988489,FALSE,261,1,"C0078939","gngm"
"Amyloid_beta_Protein_Precursor","regular",0,1,1,0,0.000970873786407767,0.000900598724988489,FALSE,260,1,"C0085151","aapp"
"Amyloid_beta_Protein_Precursor","regular",0,1,1,0,0.000970873786407767,0.000900598724988489,FALSE,260,1,"C0085151","gngm"
"Amyloid_beta_Protein_Precursor","regular",0,1,1,0,0.000970873786407767,0.000900598724988489,FALSE,260,1,"C0085151","bacs"
"Amyloid_deposition","regular",1,1,2,0,0.000970873786407767,0.00551865234789473,TRUE,277,44,"C0011560","patf"
"Amyloid_Fibrils","regular",0,1,1,0,0.000970873786407767,0.000900598724988489,FALSE,263,1,"C1449651","gngm"
"Amyloid_Fibrils","regular",0,1,1,0,0.000970873786407767,0.000900598724988489,FALSE,263,1,"C1449651","bacs"
"Amyloid_Fibrils","regular",0,1,1,0,0.000970873786407767,0.000900598724988489,FALSE,263,1,"C1449651","aapp"
"Amyloidosis","regular",0,1,1,0,0.000970873786407767,0.000900598724988489,FALSE,259,1,"C0002726","dsyn"
"Androgens","regular",0,1,1,0,0.00116009280742459,0.000900598724988489,FALSE,258,1,"C0002844","phsu"
"Androgens","regular",0,1,1,0,0.00116009280742459,0.000900598724988489,FALSE,258,1,"C0002844","horm"
"Angiogenesis_Inhibitors","regular",0,1,1,0,0.00116009280742459,0.000900598724988489,FALSE,257,1,"C0596087","phsu"
"Angiogenesis_Inhibitors","regular",0,1,1,0,0.00116009280742459,0.000900598724988489,FALSE,257,1,"C0596087","bacs"
"angiotensin_II","regular",0,1,1,0,0.00116009280742459,0.000900598724988489,FALSE,27,1,"C0003009","phsu"
"angiotensin_II","regular",0,1,1,0,0.00116009280742459,0.000900598724988489,FALSE,27,1,"C0003009","gngm"
"angiotensin_II","regular",0,1,1,0,0.00116009280742459,0.000900598724988489,FALSE,27,1,"C0003009","aapp"
"angiotensin_II","regular",0,1,1,0,0.00116009280742459,0.000900598724988489,FALSE,27,1,"C0003009","bacs"
"Angiotensin_II_ANG","regular",0,1,1,0,0.00116009280742459,0.000900598724988489,FALSE,256,1,NA,NA
"Angiotensins","regular",0,1,1,0,0.00116009280742459,0.000900598724988489,FALSE,255,1,"C0003018","gngm"
"Angiotensins","regular",0,1,1,0,0.00116009280742459,0.000900598724988489,FALSE,255,1,"C0003018","aapp"
"Angiotensins","regular",0,1,1,0,0.00116009280742459,0.000900598724988489,FALSE,255,1,"C0003018","bacs"
"Angiotensins","regular",0,1,1,0,0.00116009280742459,0.000900598724988489,FALSE,255,1,"C0003018","phsu"
"Antihypertensive_Agents","regular",0,1,1,0,0.00116009280742459,0.000900598724988489,FALSE,254,1,"C0003364","phsu"
"Antioxidants","regular",0,2,2,0,0.00129198966408269,0.000900598724988489,FALSE,253,1,"C0003402","phsu"
"aorta_constriction","regular",0,1,1,0,0.00116009280742459,0.000900598724988489,FALSE,26,1,"C0597891","patf"
"Aortic_coarctation","regular",0,1,1,0,0.00116009280742459,0.000900598724988489,FALSE,252,1,"C0003492","cgab"
"apolipoprotein_E_4_APOE","regular",0,1,1,0,0.000970873786407767,0.000900598724988489,FALSE,25,1,NA,NA
"Apolipoprotein_E_APOE","regular",0,1,1,0,0.000970873786407767,0.000900598724988489,FALSE,250,1,NA,NA
"Apolipoprotein_E4","regular",0,1,1,0,0.000970873786407767,0.000900598724988489,FALSE,251,1,NA,NA
"APP_gene","regular",0,1,1,0,0.000970873786407767,0.000900598724988489,FALSE,275,1,"C1364818","aapp"
"APP_gene","regular",0,1,1,0,0.000970873786407767,0.000900598724988489,FALSE,275,1,"C1364818","gngm"
"APP_protein_human","regular",0,1,1,0,0.000970873786407767,0.000900598724988489,FALSE,274,1,"C0611285","bacs"
"APP_protein_human","regular",0,1,1,0,0.000970873786407767,0.000900598724988489,FALSE,274,1,"C0611285","gngm"
"APP_protein_human","regular",0,1,1,0,0.000970873786407767,0.000900598724988489,FALSE,274,1,"C0611285","aapp"
"Arginine","regular",0,1,1,0,0.00116009280742459,0.000900598724988489,FALSE,249,1,"C0003765","gngm"
"Arginine","regular",0,1,1,0,0.00116009280742459,0.000900598724988489,FALSE,249,1,"C0003765","bacs"
"Arginine","regular",0,1,1,0,0.00116009280742459,0.000900598724988489,FALSE,249,1,"C0003765","phsu"
"Arginine","regular",0,1,1,0,0.00116009280742459,0.000900598724988489,FALSE,249,1,"C0003765","aapp"
"arginine_methyl_ester","regular",0,1,1,0,0.00116009280742459,0.000900598724988489,FALSE,24,1,"C0052335","aapp"
"arginine_methyl_ester","regular",0,1,1,0,0.00116009280742459,0.000900598724988489,FALSE,24,1,"C0052335","gngm"
"Argipressin","regular",0,1,1,0,0.00116009280742459,0.000900598724988489,FALSE,248,1,"C0003779","phsu"
"Argipressin","regular",0,1,1,0,0.00116009280742459,0.000900598724988489,FALSE,248,1,"C0003779","horm"
"Argipressin","regular",0,1,1,0,0.00116009280742459,0.000900598724988489,FALSE,248,1,"C0003779","aapp"
"Argipressin","regular",0,1,1,0,0.00116009280742459,0.000900598724988489,FALSE,248,1,"C0003779","gngm"
"Argipressin_AVP","regular",0,1,1,0,0.00116009280742459,0.000900598724988489,FALSE,247,1,NA,NA
"Arteriosclerosis","regular",1,0,1,0,0.00116009280742459,0.00288037078240222,FALSE,334,1,"C0003850","dsyn"
"Atherosclerosis","regular",1,1,2,0,0.00116009280742459,0.00288037078240171,TRUE,277,44,"C0004153","dsyn"
"Atherosclerotic_renal_artery_stenosis","regular",0,1,1,0,0.00116009280742459,0.000900598724988489,FALSE,246,1,"C0340557","dsyn"
"ATM_gene_ATM","regular",0,1,1,0,0.00116009280742459,0.000900598724988489,FALSE,273,1,NA,NA
"Atrial_Fibrillation","regular",1,0,1,0,0.00116009280742459,0.00288037078240222,FALSE,333,1,"C0004238","dsyn"
"Atrial_Fibrillation","regular",1,0,1,0,0.00116009280742459,0.00288037078240222,FALSE,333,1,"C0004238","patf"
"Atrophic","regular",1,1,2,0,0.000970873786407767,0.00551865234789473,TRUE,277,44,"C0333641","patf"
"Autonomic_Dysreflexia","regular",0,1,1,0,0.00116009280742459,0.000900598724988489,FALSE,245,1,"C0238015","dsyn"
"Banding_procedure","regular",0,1,1,0,0.00116009280742459,0.000900598724988489,FALSE,244,1,"C0185014","topp"
"beta_site_APP_cleaving_enzyme_1_BACE1","regular",0,1,1,0,0.000970873786407767,0.000900598724988489,FALSE,23,1,NA,NA
"bevacizumab","regular",0,1,1,0,0.00116009280742459,0.000900598724988489,FALSE,22,1,"C0796392","aapp"
"bevacizumab","regular",0,1,1,0,0.00116009280742459,0.000900598724988489,FALSE,22,1,"C0796392","phsu"
"bevacizumab","regular",0,1,1,0,0.00116009280742459,0.000900598724988489,FALSE,22,1,"C0796392","imft"
"bevacizumab","regular",0,1,1,0,0.00116009280742459,0.000900598724988489,FALSE,22,1,"C0796392","gngm"
"Bilateral_renal_artery_stenosis","regular",0,1,1,0,0.00116009280742459,0.000900598724988489,FALSE,243,1,"C0856760","dsyn"
"Blood_Pressure","regular",1,0,1,0,0.00116009280742459,0.00288037078240222,FALSE,332,1,"C0005823","orgf"
"Blood_Pressure_Monitoring_Ambulatory","regular",0,1,1,0,0.00116009280742459,0.000900598724988489,FALSE,242,1,"C0242876","diap"
"Brain_Edema","regular",1,0,1,0,0.00116009280742459,0.00288037078240222,FALSE,331,1,"C1527311","dsyn"
"Brain_Edema","regular",1,0,1,0,0.00116009280742459,0.00288037078240222,FALSE,331,1,"C1527311","patf"
"Brain_hemorrhage","regular",1,0,1,0,0.00116009280742459,0.00288037078240222,FALSE,330,1,"C0553692","patf"
"Brain_Injuries","regular",0,1,1,0,0.000970873786407767,0.000900598724988489,FALSE,241,1,"C0270611","inpo"
"Cadmium","regular",0,1,1,0,0.00116009280742459,0.000900598724988489,FALSE,239,1,"C0006632","hops"
"Cadmium","regular",0,1,1,0,0.00116009280742459,0.000900598724988489,FALSE,239,1,"C0006632","elii"
"Calcineurin_inhibitor","regular",0,1,1,0,0.00116009280742459,0.000900598724988489,FALSE,238,1,"C1562036","phsu"
"Calcium","regular",0,1,1,0,0.00116009280742459,0.000900598724988489,FALSE,237,1,"C0006675","bacs"
"Calcium","regular",0,1,1,0,0.00116009280742459,0.000900598724988489,FALSE,237,1,"C0006675","phsu"
"Calcium","regular",0,1,1,0,0.00116009280742459,0.000900598724988489,FALSE,237,1,"C0006675","elii"
"Candidate_Disease_Gene","regular",0,1,1,0,0.00116009280742459,0.000900598724988489,FALSE,236,1,"C1332838","aapp"
"Candidate_Disease_Gene","regular",0,1,1,0,0.00116009280742459,0.000900598724988489,FALSE,236,1,"C1332838","gngm"
"cardiac_arrhythmia","regular",1,0,1,0,0.00116009280742459,0.00288037078240222,FALSE,279,1,"C0003811","patf"
"cardiac_arrhythmia","regular",1,0,1,0,0.00116009280742459,0.00288037078240222,FALSE,279,1,"C0003811","dsyn"
"Cardiac_complication","regular",1,0,1,0,0.00116009280742459,0.00288037078240222,FALSE,328,1,"C0161816","patf"
"Cardiac_Hypertrophy","regular",1,0,1,0,0.00116009280742459,0.00288037078240222,FALSE,329,1,"C1383860","patf"
"Cardiomyopathies","regular",1,0,1,0,0.00116009280742459,0.00288037078240222,FALSE,327,1,"C0878544","dsyn"
"Cardiovascular_Diseases","regular",1,1,2,0,0.00116009280742459,0.00288037078240171,TRUE,277,44,"C0007222","dsyn"
"Cardiovascular_morbidity","regular",1,0,1,0,0.00116009280742459,0.00288037078240222,FALSE,326,1,"C1301700","dsyn"
"Catecholamines","regular",0,1,1,0,0.00116009280742459,0.000900598724988489,FALSE,235,1,"C0007412","orch"
"Catecholamines","regular",0,1,1,0,0.00116009280742459,0.000900598724988489,FALSE,235,1,"C0007412","phsu"
"Catecholamines","regular",0,1,1,0,0.00116009280742459,0.000900598724988489,FALSE,235,1,"C0007412","nsba"
"Catecholamines","regular",0,1,1,0,0.00116009280742459,0.000900598724988489,FALSE,235,1,"C0007412","bacs"
"Cerebral_Amyloid_Angiopathy","regular",0,1,1,0,0.000970873786407767,0.000900598724988489,FALSE,234,1,"C0085220","dsyn"
"Cerebral_atrophy","regular",1,1,2,0,0.000970873786407767,0.00551865234789473,TRUE,277,44,"C0235946","dsyn"
"Cerebral_Edema","regular",1,0,1,0,0.00116009280742459,0.00288037078240222,FALSE,325,1,"C0006114","patf"
"Cerebral_hemisphere_hemorrhage","regular",1,0,1,0,0.00116009280742459,0.00288037078240222,FALSE,323,1,"C0007784","patf"
"Cerebral_Hemorrhage","regular",1,0,1,0,0.00116009280742459,0.00288037078240222,FALSE,324,1,"C2937358","patf"
"Cerebrospinal_Fluid","regular",0,1,1,0,0.000970873786407767,0.000900598724988489,FALSE,233,1,"C0007806","bdsu"
"Cerebrovascular_accident","regular",1,1,2,0,0.00116009280742459,0.00288037078240171,TRUE,277,44,"C0038454","dsyn"
"Cerebrovascular_Disorders","regular",1,0,1,0,0.00116009280742459,0.00288037078240222,FALSE,322,1,"C0007820","patf"
"Cerebrovascular_Disorders","regular",1,0,1,0,0.00116009280742459,0.00288037078240222,FALSE,322,1,"C0007820","dsyn"
"Cessation_of_life","regular",2,0,2,0,0.00129198966408269,0.00749842440531098,FALSE,345,1,"C0011065","orgf"
"Cholesterol","regular",0,1,1,0,0.000970873786407767,0.000900598724988489,FALSE,232,1,"C0008377","bacs"
"Cholesterol","regular",0,1,1,0,0.000970873786407767,0.000900598724988489,FALSE,232,1,"C0008377","strd"
"Cholesterol","regular",0,1,1,0,0.000970873786407767,0.000900598724988489,FALSE,232,1,"C0008377","orch"
"Chronic_heart_failure","regular",1,0,1,0,0.00116009280742459,0.00288037078240222,FALSE,321,1,"C0264716","dsyn"
"Chronic_inflammation","regular",0,2,2,0,0.00129198966408269,0.000900598724988489,FALSE,231,1,"C0021376","patf"
"Chronic_Kidney_Diseases","regular",1,1,2,0,0.00116009280742459,0.00288037078240171,TRUE,277,44,"C1561643","dsyn"
"Chymosin_REN","regular",0,1,1,0,0.00116009280742459,0.000900598724988489,FALSE,230,1,NA,NA
"Clip","regular",0,1,1,0,0.00116009280742459,0.000900598724988489,FALSE,229,1,"C0175722","medd"
"Clipping","regular",0,1,1,0,0.00116009280742459,0.000900598724988489,FALSE,228,1,"C1283066","topp"
"Closure_by_clamp","regular",0,1,1,0,0.00116009280742459,0.000900598724988489,FALSE,227,1,"C0521213","topp"
"Cocaine","regular",0,1,1,0,0.00116009280742459,0.000900598724988489,FALSE,226,1,"C0009170","hops"
"Cocaine","regular",0,1,1,0,0.00116009280742459,0.000900598724988489,FALSE,226,1,"C0009170","orch"
"Cocaine","regular",0,1,1,0,0.00116009280742459,0.000900598724988489,FALSE,226,1,"C0009170","phsu"
"Complication","regular",1,1,2,0,0.00116009280742459,0.00288037078240171,TRUE,277,44,"C0009566","patf"
"Compression_procedure","regular",0,1,1,0,0.00116009280742459,0.000900598724988489,FALSE,225,1,"C0565514","topp"
"Congenital_Abnormality","regular",0,1,1,0,0.00116009280742459,0.000900598724988489,FALSE,224,1,"C0000768","cgab"
"Congestive_heart_failure","regular",1,0,1,0,0.00116009280742459,0.00288037078240222,FALSE,320,1,"C0018802","dsyn"
"Conn_Syndrome","regular",0,1,1,0,0.00116009280742459,0.000900598724988489,FALSE,223,1,"C1384514","dsyn"
"Constriction_procedure","regular",0,1,1,0,0.00116009280742459,0.000900598724988489,FALSE,222,1,"C0009813","topp"
"Contraceptives_Oral","regular",0,1,1,0,0.00116009280742459,0.000900598724988489,FALSE,221,1,"C0009905","phsu"
"Contraction","regular",1,1,2,0,0.00116009280742459,0.00288037078240171,TRUE,277,44,"C1140999","patf"
"Copper","regular",0,1,1,0,0.000970873786407767,0.000900598724988489,FALSE,220,1,"C0009968","bacs"
"Copper","regular",0,1,1,0,0.000970873786407767,0.000900598724988489,FALSE,220,1,"C0009968","phsu"
"Copper","regular",0,1,1,0,0.000970873786407767,0.000900598724988489,FALSE,220,1,"C0009968","elii"
"Coronary_Arteriosclerosis","regular",1,0,1,0,0.00116009280742459,0.00288037078240222,FALSE,319,1,"C0010054","dsyn"
"Coronary_heart_disease","regular",1,0,1,0,0.00116009280742459,0.00288037078240222,FALSE,318,1,"C0010068","dsyn"
"Corticosterone","regular",0,1,1,0,0.00116009280742459,0.000900598724988489,FALSE,219,1,"C0010124","phsu"
"Corticosterone","regular",0,1,1,0,0.00116009280742459,0.000900598724988489,FALSE,219,1,"C0010124","horm"
"Corticosterone","regular",0,1,1,0,0.00116009280742459,0.000900598724988489,FALSE,219,1,"C0010124","orch"
"Corticosterone","regular",0,1,1,0,0.00116009280742459,0.000900598724988489,FALSE,219,1,"C0010124","strd"
"Corticotropin","regular",0,1,1,0,0.00116009280742459,0.000900598724988489,FALSE,218,1,"C0001655","phsu"
"Corticotropin","regular",0,1,1,0,0.00116009280742459,0.000900598724988489,FALSE,218,1,"C0001655","aapp"
"Corticotropin","regular",0,1,1,0,0.00116009280742459,0.000900598724988489,FALSE,218,1,"C0001655","nsba"
"Corticotropin","regular",0,1,1,0,0.00116009280742459,0.000900598724988489,FALSE,218,1,"C0001655","horm"
"Corticotropin","regular",0,1,1,0,0.00116009280742459,0.000900598724988489,FALSE,218,1,"C0001655","gngm"
"Corticotropin_POMC","regular",0,1,1,0,0.00116009280742459,0.000900598724988489,FALSE,217,1,NA,NA
"COVID_19","regular",0,1,1,0,0.00116009280742459,0.000900598724988489,FALSE,240,1,"C5203670","dsyn"
"Cushing_Syndrome","regular",0,1,1,0,0.00116009280742459,0.000900598724988489,FALSE,216,1,"C0010481","dsyn"
"Cyclosporine","regular",0,1,1,0,0.00116009280742459,0.000900598724988489,FALSE,215,1,"C0010592","phsu"
"Cyclosporine","regular",0,1,1,0,0.00116009280742459,0.000900598724988489,FALSE,215,1,"C0010592","gngm"
"Cyclosporine","regular",0,1,1,0,0.00116009280742459,0.000900598724988489,FALSE,215,1,"C0010592","aapp"
"cytokine","regular",0,1,1,0,0.000970873786407767,0.000900598724988489,FALSE,21,1,"C0079189","imft"
"cytokine","regular",0,1,1,0,0.000970873786407767,0.000900598724988489,FALSE,21,1,"C0079189","aapp"
"cytokine","regular",0,1,1,0,0.000970873786407767,0.000900598724988489,FALSE,21,1,"C0079189","gngm"
"Degenerative_abnormality","regular",1,2,3,1216.16666666667,0.00129198966408269,0.00551865234789726,TRUE,277,44,NA,NA
"Dementia","regular",0,1,1,0,0.000970873786407767,0.000900598724988489,FALSE,212,1,"C0497327","mobd"
"Dementia_Vascular","regular",2,0,2,0,0.00129198966408269,0.00749842440531098,FALSE,344,1,"C0011269","dsyn"
"Denervation","regular",0,1,1,0,0.00116009280742459,0.000900598724988489,FALSE,211,1,"C0011307","topp"
"Deoxycorticosterone","regular",0,1,1,0,0.00116009280742459,0.000900598724988489,FALSE,210,1,"C0011710","phsu"
"Deoxycorticosterone","regular",0,1,1,0,0.00116009280742459,0.000900598724988489,FALSE,210,1,"C0011710","strd"
"Deoxycorticosterone","regular",0,1,1,0,0.00116009280742459,0.000900598724988489,FALSE,210,1,"C0011710","horm"
"Depression","exposure",237,98,335,32966.5,0.00210526315789474,0.228256072501818,TRUE,277,44,NA,NA
"desoxycorticosterone_acetate","regular",0,1,1,0,0.00116009280742459,0.000900598724988489,FALSE,20,1,"C0813203","strd"
"desoxycorticosterone_acetate","regular",0,1,1,0,0.00116009280742459,0.000900598724988489,FALSE,20,1,"C0813203","phsu"
"desoxycorticosterone_acetate","regular",0,1,1,0,0.00116009280742459,0.000900598724988489,FALSE,20,1,"C0813203","horm"
"desoxycorticosterone_acetate","regular",0,1,1,0,0.00116009280742459,0.000900598724988489,FALSE,20,1,"C0813203","orch"
"Deterioration","regular",0,1,1,0,0.000970873786407767,0.000900598724988489,FALSE,209,1,"C0868945","phpr"
"Dexamethasone","regular",0,1,1,0,0.00116009280742459,0.000900598724988489,FALSE,208,1,"C0011777","orch"
"Dexamethasone","regular",0,1,1,0,0.00116009280742459,0.000900598724988489,FALSE,208,1,"C0011777","phsu"
"Dexamethasone","regular",0,1,1,0,0.00116009280742459,0.000900598724988489,FALSE,208,1,"C0011777","strd"
"Diabetes","regular",1,2,3,0,0.00129198966408269,0.00288037078240171,TRUE,277,44,"C0011847","dsyn"
"Diabetes_Mellitus","regular",1,1,2,0,0.00116009280742459,0.00288037078240171,TRUE,277,44,"C0011849","dsyn"
"Diabetes_Mellitus_Non_Insulin_Dependent","regular",1,1,2,0,0.00129198966408269,0.00288037078240171,TRUE,277,44,"C0011860","dsyn"
"Diabetic_Nephropathy","regular",1,1,2,0,0.00116009280742459,0.00288037078240171,TRUE,277,44,"C0011881","dsyn"
"Diagnosis","regular",2,0,2,0,0.00129198966408269,0.00749842440531098,FALSE,343,1,"C0011900","hlca"
"Diagnosis","regular",2,0,2,0,0.00129198966408269,0.00749842440531098,FALSE,343,1,"C0011900","diap"
"Diastolic_dysfunction","regular",1,0,1,0,0.00116009280742459,0.00288037078240222,FALSE,317,1,"C0520863","patf"
"Diet","regular",0,2,2,0,0.00129198966408269,0.000900598724988489,FALSE,207,1,"C0012155","food"
"Diet_High_Fat","regular",0,1,1,0,0.00116009280742459,0.000900598724988489,FALSE,206,1,"C0521974","topp"
"Diet_Protein_Restricted","regular",0,1,1,0,0.00116009280742459,0.000900598724988489,FALSE,205,1,"C0242972","topp"
"Disability_NOS","regular",2,0,2,0,0.00129198966408269,0.00749842440531098,FALSE,342,1,"C0231170","patf"
"Disease","regular",2,2,4,1216.16666666667,0.00129198966408269,0.00749842440530796,TRUE,277,44,"C0012634","dsyn"
"Dissection_of_aorta","regular",1,0,1,0,0.00116009280742459,0.00288037078240222,FALSE,316,1,"C0340643","anab"
"Dissection_of_aorta","regular",1,0,1,0,0.00116009280742459,0.00288037078240222,FALSE,316,1,"C0340643","dsyn"
"DNA_Mitochondrial","regular",0,1,1,0,0.000970873786407767,0.000900598724988489,FALSE,214,1,"C0012929","nnon"
"DNA_Mitochondrial","regular",0,1,1,0,0.000970873786407767,0.000900598724988489,FALSE,214,1,"C0012929","bacs"
"DOCA","regular",0,1,1,0,0.00116009280742459,0.000900598724988489,FALSE,213,1,"C0011123","horm"
"DOCA","regular",0,1,1,0,0.00116009280742459,0.000900598724988489,FALSE,213,1,"C0011123","strd"
"DOCA","regular",0,1,1,0,0.00116009280742459,0.000900598724988489,FALSE,213,1,"C0011123","phsu"
"Dopamine","regular",0,1,1,0,0.00116009280742459,0.000900598724988489,FALSE,204,1,"C0013030","nsba"
"Dopamine","regular",0,1,1,0,0.00116009280742459,0.000900598724988489,FALSE,204,1,"C0013030","orch"
"Dopamine","regular",0,1,1,0,0.00116009280742459,0.000900598724988489,FALSE,204,1,"C0013030","phsu"
"Dopamine","regular",0,1,1,0,0.00116009280742459,0.000900598724988489,FALSE,204,1,"C0013030","bacs"
"Dopamine_Receptor","regular",0,1,1,0,0.00116009280742459,0.000900598724988489,FALSE,203,1,"C0034798","rcpt"
"Dopamine_Receptor","regular",0,1,1,0,0.00116009280742459,0.000900598724988489,FALSE,203,1,"C0034798","aapp"
"Dopamine_Receptor","regular",0,1,1,0,0.00116009280742459,0.000900598724988489,FALSE,203,1,"C0034798","gngm"
"Down_Syndrome","regular",0,1,1,0,0.000970873786407767,0.000900598724988489,FALSE,202,1,"C0013080","dsyn"
"Down_Syndrome","regular",0,1,1,0,0.000970873786407767,0.000900598724988489,FALSE,202,1,"C0013080","cgab"
"Drinking_Water","regular",0,1,1,0,0.00116009280742459,0.000900598724988489,FALSE,201,1,"C0599638","sbst"
"Edema","regular",1,0,1,0,0.00116009280742459,0.00288037078240222,FALSE,315,1,"C0013604","patf"
"Embolism","regular",0,1,1,0,0.00116009280742459,0.000900598724988489,FALSE,199,1,"C0013922","patf"
"Emotional_Stress","regular",0,1,1,0,0.00116009280742459,0.000900598724988489,FALSE,198,1,"C0086209","mobd"
"Encephalopathies","regular",1,0,1,0,0.00116009280742459,0.00288037078240222,FALSE,314,1,"C0085584","dsyn"
"end_organ_damage","regular",1,0,1,0,0.00116009280742459,0.00288037078240222,FALSE,278,1,"C0743496","dsyn"
"End_stage_renal_failure","regular",1,0,1,0,0.00116009280742459,0.00288037078240222,FALSE,313,1,"C1261469","dsyn"
"Endocrine_System_Diseases","regular",0,1,1,0,0.00116009280742459,0.000900598724988489,FALSE,197,1,"C0014130","dsyn"
"Endopeptidases","regular",0,1,1,0,0.000970873786407767,0.000900598724988489,FALSE,196,1,"C0030946","aapp"
"Endopeptidases","regular",0,1,1,0,0.000970873786407767,0.000900598724988489,FALSE,196,1,"C0030946","enzy"
"Endopeptidases","regular",0,1,1,0,0.000970873786407767,0.000900598724988489,FALSE,196,1,"C0030946","gngm"
"Endopeptidases","regular",0,1,1,0,0.000970873786407767,0.000900598724988489,FALSE,196,1,"C0030946","phsu"
"Endothelial_dysfunction","regular",1,1,2,0,0.00116009280742459,0.00288037078240171,TRUE,277,44,"C0856169","dsyn"
"Endothelin","regular",0,1,1,0,0.00116009280742459,0.000900598724988489,FALSE,195,1,"C0079284","aapp"
"Endothelin","regular",0,1,1,0,0.00116009280742459,0.000900598724988489,FALSE,195,1,"C0079284","gngm"
"Endothelin","regular",0,1,1,0,0.00116009280742459,0.000900598724988489,FALSE,195,1,"C0079284","bacs"
"Endothelin_1","regular",0,1,1,0,0.00116009280742459,0.000900598724988489,FALSE,194,1,"C0079281","gngm"
"Endothelin_1","regular",0,1,1,0,0.00116009280742459,0.000900598724988489,FALSE,194,1,"C0079281","bacs"
"Endothelin_1","regular",0,1,1,0,0.00116009280742459,0.000900598724988489,FALSE,194,1,"C0079281","aapp"
"Enzymes","regular",0,1,1,0,0.000970873786407767,0.000900598724988489,FALSE,193,1,"C0014442","gngm"
"Enzymes","regular",0,1,1,0,0.000970873786407767,0.000900598724988489,FALSE,193,1,"C0014442","enzy"
"Enzymes","regular",0,1,1,0,0.000970873786407767,0.000900598724988489,FALSE,193,1,"C0014442","aapp"
"Enzymes","regular",0,1,1,0,0.000970873786407767,0.000900598724988489,FALSE,193,1,"C0014442","orch"
"Epinephrine","regular",0,1,1,0,0.00116009280742459,0.000900598724988489,FALSE,192,1,"C0014563","nsba"
"Epinephrine","regular",0,1,1,0,0.00116009280742459,0.000900598724988489,FALSE,192,1,"C0014563","horm"
"Epinephrine","regular",0,1,1,0,0.00116009280742459,0.000900598724988489,FALSE,192,1,"C0014563","orch"
"Epinephrine","regular",0,1,1,0,0.00116009280742459,0.000900598724988489,FALSE,192,1,"C0014563","phsu"
"ERCC8_CSH1_HSPA9","regular",0,1,1,0,0.00116009280742459,0.000900598724988489,FALSE,200,1,NA,NA
"Erectile_dysfunction","regular",1,0,1,0,0.00116009280742459,0.00288037078240222,FALSE,312,1,"C0242350","dsyn"
"Erythropoietin","regular",0,1,1,0,0.00116009280742459,0.000900598724988489,FALSE,191,1,"C0014822","horm"
"Erythropoietin","regular",0,1,1,0,0.00116009280742459,0.000900598724988489,FALSE,191,1,"C0014822","aapp"
"Erythropoietin","regular",0,1,1,0,0.00116009280742459,0.000900598724988489,FALSE,191,1,"C0014822","phsu"
"Erythropoietin","regular",0,1,1,0,0.00116009280742459,0.000900598724988489,FALSE,191,1,"C0014822","gngm"
"Erythropoietin_EPO","regular",0,1,1,0,0.00116009280742459,0.000900598724988489,FALSE,190,1,NA,NA
"Essential_Hypertension","regular",1,1,2,0,0.00116009280742459,0.00288037078240171,TRUE,277,44,"C0085580","dsyn"
"Estrogens","regular",0,1,1,0,0.00116009280742459,0.000900598724988489,FALSE,189,1,"C0014939","orch"
"Estrogens","regular",0,1,1,0,0.00116009280742459,0.000900598724988489,FALSE,189,1,"C0014939","phsu"
"Estrogens","regular",0,1,1,0,0.00116009280742459,0.000900598724988489,FALSE,189,1,"C0014939","horm"
"Estrogens","regular",0,1,1,0,0.00116009280742459,0.000900598724988489,FALSE,189,1,"C0014939","strd"
"Ethanol","regular",0,1,1,0,0.00116009280742459,0.000900598724988489,FALSE,188,1,"C0001962","phsu"
"Ethanol","regular",0,1,1,0,0.00116009280742459,0.000900598724988489,FALSE,188,1,"C0001962","orch"
"Evaluation","regular",1,0,1,0,0.000970873786407767,0.00551865234789726,FALSE,341,1,"C0220825","hlca"
"Evaluation_procedure","regular",1,0,1,0,0.000970873786407767,0.00551865234789726,FALSE,340,1,NA,NA
"Excision","regular",0,1,1,0,0.00116009280742459,0.000900598724988489,FALSE,187,1,"C0728940","topp"
"Extravasation","regular",1,0,1,0,0.00116009280742459,0.00288037078240222,FALSE,311,1,"C0015376","patf"
"Fetal_Growth_Retardation","regular",1,1,2,0,0.00116009280742459,0.00288037078240171,TRUE,277,44,"C0015934","dsyn"
"Fetal_Growth_Retardation","regular",1,1,2,0,0.00116009280742459,0.00288037078240171,TRUE,277,44,"C0015934","patf"
"Fibromuscular_Dysplasia","regular",0,1,1,0,0.00116009280742459,0.000900598724988489,FALSE,185,1,"C0016052","dsyn"
"Fibrosis","regular",1,1,2,0,0.00116009280742459,0.00288037078240171,TRUE,277,44,"C0016059","patf"
"Fluid_overload","regular",0,1,1,0,0.00116009280742459,0.000900598724988489,FALSE,184,1,"C0546817","dsyn"
"Fluid_overload","regular",0,1,1,0,0.00116009280742459,0.000900598724988489,FALSE,184,1,"C0546817","patf"
"FRAGMENTS","regular",0,1,1,0,0.000970873786407767,0.000900598724988489,FALSE,186,1,"C0486805","bdsu"
"Free_Radicals","regular",0,1,1,0,0.000970873786407767,0.000900598724988489,FALSE,183,1,"C0016693","bacs"
"Free_Radicals","regular",0,1,1,0,0.000970873786407767,0.000900598724988489,FALSE,183,1,"C0016693","inch"
"Free_Radicals","regular",0,1,1,0,0.000970873786407767,0.000900598724988489,FALSE,183,1,"C0016693","chvs"
"fructose","regular",0,1,1,0,0.00116009280742459,0.000900598724988489,FALSE,19,1,"C0016745","phsu"
"fructose","regular",0,1,1,0,0.00116009280742459,0.000900598724988489,FALSE,19,1,"C0016745","orch"
"fructose","regular",0,1,1,0,0.00116009280742459,0.000900598724988489,FALSE,19,1,"C0016745","carb"
"Functional_disorder","regular",2,2,4,1216.16666666667,0.00129198966408269,0.00749842440530796,TRUE,277,44,"C0277785","patf"
"galactose","regular",0,1,1,0,0.000970873786407767,0.000900598724988489,FALSE,18,1,"C0016945","orch"
"galactose","regular",0,1,1,0,0.000970873786407767,0.000900598724988489,FALSE,18,1,"C0016945","carb"
"galactose","regular",0,1,1,0,0.000970873786407767,0.000900598724988489,FALSE,18,1,"C0016945","bacs"
"galactose","regular",0,1,1,0,0.000970873786407767,0.000900598724988489,FALSE,18,1,"C0016945","irda"
"gamma_secretase","regular",0,1,1,0,0.000970873786407767,0.000900598724988489,FALSE,17,1,"C0379528","enzy"
"gamma_secretase","regular",0,1,1,0,0.000970873786407767,0.000900598724988489,FALSE,17,1,"C0379528","aapp"
"gamma_secretase","regular",0,1,1,0,0.000970873786407767,0.000900598724988489,FALSE,17,1,"C0379528","gngm"
"Gene_Mutation","regular",0,1,1,0,0.000970873786407767,0.000900598724988489,FALSE,182,1,"C0596611","genf"
"gene_therapy","regular",0,1,1,0,0.000970873786407767,0.000900598724988489,FALSE,16,1,"C0017296","topp"
"Genes","regular",0,2,2,0,0.00129198966408269,0.000900598724988489,FALSE,181,1,"C0017337","gngm"
"Genes","regular",0,2,2,0,0.00129198966408269,0.000900598724988489,FALSE,181,1,"C0017337","aapp"
"Glomerulosclerosis","regular",1,0,1,0,0.00116009280742459,0.00288037078240222,FALSE,310,1,"C0178664","dsyn"
"Glucocorticoid_remediable_aldosteronism","regular",0,1,1,0,0.00116009280742459,0.000900598724988489,FALSE,180,1,"C1260386","dsyn"
"Glucocorticoids","regular",0,1,1,0,0.00116009280742459,0.000900598724988489,FALSE,179,1,"C0017710","orch"
"Glucocorticoids","regular",0,1,1,0,0.00116009280742459,0.000900598724988489,FALSE,179,1,"C0017710","strd"
"Glucocorticoids","regular",0,1,1,0,0.00116009280742459,0.000900598724988489,FALSE,179,1,"C0017710","horm"
"Glycogen_Synthase_Kinase_3","regular",0,1,1,0,0.000970873786407767,0.000900598724988489,FALSE,178,1,"C0244989","gngm"
"Glycogen_Synthase_Kinase_3","regular",0,1,1,0,0.000970873786407767,0.000900598724988489,FALSE,178,1,"C0244989","enzy"
"Glycogen_Synthase_Kinase_3","regular",0,1,1,0,0.000970873786407767,0.000900598724988489,FALSE,178,1,"C0244989","aapp"
"Glycosylation_End_Products_Advanced","regular",0,1,1,0,0.000970873786407767,0.000900598724988489,FALSE,177,1,NA,NA
"Glycyrrhizic_Acid","regular",0,1,1,0,0.00116009280742459,0.000900598724988489,FALSE,176,1,"C0061751","phsu"
"Glycyrrhizic_Acid","regular",0,1,1,0,0.00116009280742459,0.000900598724988489,FALSE,176,1,"C0061751","orch"
"Growth","regular",1,0,1,0,0.00116009280742459,0.00288037078240222,FALSE,309,1,"C0018270","orgf"
"Headache","regular",1,0,1,0,0.00116009280742459,0.00288037078240222,FALSE,308,1,"C0018681","sosy"
"Heart_Diseases","regular",1,0,1,0,0.00116009280742459,0.00288037078240222,FALSE,307,1,"C0018799","dsyn"
"Heart_failure","regular",1,1,2,0,0.00116009280742459,0.00288037078240171,TRUE,277,44,"C0018801","dsyn"
"Herpesvirus_1_Human","regular",0,1,1,0,0.000970873786407767,0.000900598724988489,FALSE,175,1,"C0206679","virs"
"homocysteine","regular",0,1,1,0,0.000970873786407767,0.000900598724988489,FALSE,15,1,"C0019878","aapp"
"homocysteine","regular",0,1,1,0,0.000970873786407767,0.000900598724988489,FALSE,15,1,"C0019878","bacs"
"homocysteine","regular",0,1,1,0,0.000970873786407767,0.000900598724988489,FALSE,15,1,"C0019878","gngm"
"Hormones","regular",0,1,1,0,0.00116009280742459,0.000900598724988489,FALSE,174,1,"C0019932","horm"
"Hospital_admission","regular",1,0,1,0,0.00116009280742459,0.00288037078240222,FALSE,306,1,"C0184666","hlca"
"Hospitalization","regular",1,0,1,0,0.00116009280742459,0.00288037078240222,FALSE,305,1,"C0019993","hlca"
"hydrochloride","regular",0,1,1,0,0.00116009280742459,0.000900598724988489,FALSE,14,1,"C1512523","inch"
"hydrochloride","regular",0,1,1,0,0.00116009280742459,0.000900598724988489,FALSE,14,1,"C1512523","phsu"
"Hydrocortisone","regular",0,1,1,0,0.00116009280742459,0.000900598724988489,FALSE,173,1,"C0020268","phsu"
"Hydrocortisone","regular",0,1,1,0,0.00116009280742459,0.000900598724988489,FALSE,173,1,"C0020268","horm"
"Hydrocortisone","regular",0,1,1,0,0.00116009280742459,0.000900598724988489,FALSE,173,1,"C0020268","orch"
"Hydrocortisone","regular",0,1,1,0,0.00116009280742459,0.000900598724988489,FALSE,173,1,"C0020268","strd"
"Hydronephrosis","regular",0,1,1,0,0.00116009280742459,0.000900598724988489,FALSE,172,1,"C0020295","dsyn"
"Hyperaldosteronism","regular",0,1,1,0,0.00116009280742459,0.000900598724988489,FALSE,171,1,"C0020428","dsyn"
"Hypercalcemia","regular",0,1,1,0,0.00116009280742459,0.000900598724988489,FALSE,170,1,"C0020437","dsyn"
"Hyperglycemia","regular",0,1,1,0,0.00116009280742459,0.000900598724988489,FALSE,169,1,"C0020456","dsyn"
"Hyperinsulinism","regular",0,1,1,0,0.00116009280742459,0.000900598724988489,FALSE,168,1,"C0020459","dsyn"
"Hypernatremia","regular",0,1,1,0,0.00116009280742459,0.000900598724988489,FALSE,167,1,"C0020488","dsyn"
"Hyperplasia","regular",0,1,1,0,0.00116009280742459,0.000900598724988489,FALSE,166,1,"C0020507","patf"
"Hypertension_Pulmonary","regular",1,0,1,0,0.00116009280742459,0.00288037078240222,FALSE,304,1,"C0020542","dsyn"
"Hypertension_Renovascular","regular",0,1,1,0,0.00116009280742459,0.000900598724988489,FALSE,165,1,"C0020545","dsyn"
"Hypertensive_heart_disease_NOS","regular",1,0,1,0,0.00116009280742459,0.00288037078240222,FALSE,303,1,NA,NA
"Hypertrophic_Cardiomyopathy","regular",1,0,1,0,0.00116009280742459,0.00288037078240222,FALSE,302,1,"C0007194","dsyn"
"Hypertrophy","regular",1,1,2,0,0.00116009280742459,0.00288037078240171,TRUE,277,44,"C0020564","patf"
"Hypertrophy_Left_Ventricular","regular",1,0,1,0,0.00116009280742459,0.00288037078240222,FALSE,301,1,"C0149721","patf"
"Hyperuricemia","regular",0,1,1,0,0.00116009280742459,0.000900598724988489,FALSE,164,1,"C0740394","dsyn"
"Hypoplasia","regular",0,1,1,0,0.00116009280742459,0.000900598724988489,FALSE,163,1,"C0243069","patf"
"Hypoxia","regular",1,2,3,0,0.00129198966408269,0.00288037078240171,TRUE,277,44,"C0242184","patf"
"imbalance","regular",0,2,2,0,0.00129198966408269,0.000900598724988489,FALSE,13,1,"C1397014","sosy"
"Immobilization","regular",0,1,1,0,0.00116009280742459,0.000900598724988489,FALSE,161,1,"C0020944","topp"
"Immunosuppressive_Agents","regular",0,1,1,0,0.00116009280742459,0.000900598724988489,FALSE,160,1,"C0021081","phsu"
"Immunosuppressive_Agents","regular",0,1,1,0,0.00116009280742459,0.000900598724988489,FALSE,160,1,"C0021081","imft"
"IMPACT_gene","regular",0,2,2,0,0.00129198966408269,0.000900598724988489,FALSE,162,1,"C1825598","gngm"
"IMPACT_gene","regular",0,2,2,0,0.00129198966408269,0.000900598724988489,FALSE,162,1,"C1825598","aapp"
"Impaired_cognition","regular",0,1,1,0,0.000970873786407767,0.000900598724988489,FALSE,159,1,"C0338656","mobd"
"Impaired_cognition","regular",0,1,1,0,0.000970873786407767,0.000900598724988489,FALSE,159,1,"C0338656","fndg"
"Infarction","regular",1,0,1,0,0.00116009280742459,0.00288037078240222,FALSE,300,1,"C0021308","patf"
"Inflammasomes","regular",0,1,1,0,0.000970873786407767,0.000900598724988489,FALSE,158,1,"C2936529","aapp"
"Inflammasomes","regular",0,1,1,0,0.000970873786407767,0.000900598724988489,FALSE,158,1,"C2936529","bacs"
"Inflammasomes","regular",0,1,1,0,0.000970873786407767,0.000900598724988489,FALSE,158,1,"C2936529","gngm"
"Inflammation","regular",2,2,4,1216.16666666667,0.00129198966408269,0.00749842440530796,TRUE,277,44,"C0021368","patf"
"Inflammatory_Response","regular",0,2,2,0,0.00129198966408269,0.000900598724988489,FALSE,157,1,"C1155266","patf"
"Infusion_procedures","regular",0,1,1,0,0.00116009280742459,0.000900598724988489,FALSE,156,1,"C0574032","topp"
"inhibitors","regular",0,1,1,0,0.00116009280742459,0.000900598724988489,FALSE,12,1,"C0243077","chvf"
"Injection","regular",0,1,1,0,0.000970873786407767,0.000900598724988489,FALSE,155,1,"C1272883","bodm"
"Injection_procedure","regular",0,2,2,0,0.00129198966408269,0.000900598724988489,FALSE,154,1,"C1533685","topp"
"Injury","regular",0,2,2,0,0.00129198966408269,0.000900598724988489,FALSE,153,1,"C0175677","inpo"
"Insulin","regular",0,1,1,0,0.00116009280742459,0.000900598724988489,FALSE,152,1,"C0021641","aapp"
"Insulin","regular",0,1,1,0,0.00116009280742459,0.000900598724988489,FALSE,152,1,"C0021641","phsu"
"Insulin","regular",0,1,1,0,0.00116009280742459,0.000900598724988489,FALSE,152,1,"C0021641","horm"
"Insulin","regular",0,1,1,0,0.00116009280742459,0.000900598724988489,FALSE,152,1,"C0021641","gngm"
"Insulin_Resistance","regular",1,2,3,0,0.00129198966408269,0.00288037078240171,TRUE,277,44,"C0021655","patf"
"Intestinal_Microbiome","regular",0,2,2,0,0.00129198966408269,0.000900598724988489,FALSE,151,1,"C2985398","orgm"
"Intracranial_Hemorrhages","regular",1,0,1,0,0.00116009280742459,0.00288037078240222,FALSE,299,1,NA,NA
"Intubation_Intratracheal","regular",0,1,1,0,0.00116009280742459,0.000900598724988489,FALSE,150,1,"C0021932","topp"
"Ions","regular",0,1,1,0,0.000970873786407767,0.000900598724988489,FALSE,149,1,"C0022023","elii"
"Iron","regular",0,1,1,0,0.000970873786407767,0.000900598724988489,FALSE,148,1,"C0302583","bacs"
"Iron","regular",0,1,1,0,0.000970873786407767,0.000900598724988489,FALSE,148,1,"C0302583","phsu"
"Iron","regular",0,1,1,0,0.000970873786407767,0.000900598724988489,FALSE,148,1,"C0302583","elii"
"Ischemia","regular",1,2,3,0,0.00129198966408269,0.00288037078240171,TRUE,277,44,"C0022116","dsyn"
"Ischemia","regular",1,2,3,0,0.00129198966408269,0.00288037078240171,TRUE,277,44,"C0022116","patf"
"Ischemic_stroke","regular",1,0,1,0,0.00116009280742459,0.00288037078240222,FALSE,298,1,"C0948008","dsyn"
"Juxtaglomerular_tumor","regular",0,1,1,0,0.00116009280742459,0.000900598724988489,FALSE,147,1,"C0334331","neop"
"Kidney_Diseases","regular",1,1,2,0,0.00116009280742459,0.00288037078240171,TRUE,277,44,"C0022658","dsyn"
"Kidney_Failure","regular",1,1,2,0,0.00116009280742459,0.00288037078240171,TRUE,277,44,"C0035078","dsyn"
"Kidney_Failure_Acute","regular",1,0,1,0,0.00116009280742459,0.00288037078240222,FALSE,297,1,"C0022660","dsyn"
"Kidney_Failure_Chronic","regular",1,1,2,0,0.00116009280742459,0.00288037078240171,TRUE,277,44,"C0022661","dsyn"
"Kidney_Transplantation","regular",0,1,1,0,0.00116009280742459,0.000900598724988489,FALSE,146,1,"C0022671","topp"
"Labor_Childbirth","regular",1,0,1,0,0.00116009280742459,0.00288037078240222,FALSE,296,1,"C0022864","orgf"
"Lack_of_sensation","regular",1,0,1,0,0.00116009280742459,0.00288037078240222,FALSE,295,1,NA,NA
"Leptin","regular",0,1,1,0,0.00116009280742459,0.000900598724988489,FALSE,145,1,"C0299583","aapp"
"Leptin","regular",0,1,1,0,0.00116009280742459,0.000900598724988489,FALSE,145,1,"C0299583","gngm"
"Leptin","regular",0,1,1,0,0.00116009280742459,0.000900598724988489,FALSE,145,1,"C0299583","horm"
"Leptin_LEP","regular",0,1,1,0,0.00116009280742459,0.000900598724988489,FALSE,144,1,NA,NA
"Lewy_Body_Disease","regular",1,0,1,0,0.000970873786407767,0.00551865234789726,FALSE,339,1,"C0752347","dsyn"
"Licorice","regular",0,1,1,0,0.00116009280742459,0.000900598724988489,FALSE,143,1,"C0086555","phsu"
"Licorice","regular",0,1,1,0,0.00116009280742459,0.000900598724988489,FALSE,143,1,"C0086555","orch"
"Ligation","regular",0,1,1,0,0.00116009280742459,0.000900598724988489,FALSE,142,1,"C0023690","topp"
"Lipids","regular",0,1,1,0,0.000970873786407767,0.000900598724988489,FALSE,141,1,"C0023779","lipd"
"Lipids","regular",0,1,1,0,0.000970873786407767,0.000900598724988489,FALSE,141,1,"C0023779","orch"
"Lipopolysaccharides","regular",0,2,2,0,0.00129198966408269,0.000900598724988489,FALSE,140,1,"C0023810","orch"
"Lipopolysaccharides","regular",0,2,2,0,0.00129198966408269,0.000900598724988489,FALSE,140,1,"C0023810","lipd"
"Liquid_substance","regular",0,1,1,0,0.00116009280742459,0.000900598724988489,FALSE,139,1,"C0302908","sbst"
"Magnesium","regular",0,1,1,0,0.00116009280742459,0.000900598724988489,FALSE,136,1,"C0024467","elii"
"Magnesium","regular",0,1,1,0,0.00116009280742459,0.000900598724988489,FALSE,136,1,"C0024467","bacs"
"Malnutrition","regular",0,1,1,0,0.00116009280742459,0.000900598724988489,FALSE,135,1,"C0162429","dsyn"
"MAPT","regular",0,1,1,0,0.000970873786407767,0.000900598724988489,FALSE,138,1,NA,NA
"MAPT_protein_human_MAPT","regular",0,1,1,0,0.000970873786407767,0.000900598724988489,FALSE,137,1,NA,NA
"Memory_impairment","regular",0,1,1,0,0.000970873786407767,0.000900598724988489,FALSE,134,1,"C0233794","mobd"
"Memory_Loss","regular",1,0,1,0,0.000970873786407767,0.00551865234789726,FALSE,338,1,"C0751295","sosy"
"Mental_deterioration","regular",0,1,1,0,0.000970873786407767,0.000900598724988489,FALSE,133,1,"C0234985","patf"
"Mental_deterioration","regular",0,1,1,0,0.000970873786407767,0.000900598724988489,FALSE,133,1,"C0234985","mobd"
"Metabolic_syndrome","regular",0,1,1,0,0.00116009280742459,0.000900598724988489,FALSE,132,1,"C0948265","dsyn"
"Metals","regular",0,1,1,0,0.000970873786407767,0.000900598724988489,FALSE,131,1,"C0025552","inch"
"MicroRNAs","regular",0,2,2,0,0.00129198966408269,0.000900598724988489,FALSE,130,1,"C1101610","bacs"
"MicroRNAs","regular",0,2,2,0,0.00129198966408269,0.000900598724988489,FALSE,130,1,"C1101610","nnon"
"Mineralocorticoid_Receptor","regular",0,1,1,0,0.00116009280742459,0.000900598724988489,FALSE,129,1,"C0066563","aapp"
"Mineralocorticoid_Receptor","regular",0,1,1,0,0.00116009280742459,0.000900598724988489,FALSE,129,1,"C0066563","rcpt"
"Mineralocorticoid_Receptor","regular",0,1,1,0,0.00116009280742459,0.000900598724988489,FALSE,129,1,"C0066563","gngm"
"Mineralocorticoids","regular",0,1,1,0,0.00116009280742459,0.000900598724988489,FALSE,128,1,"C0026160","orch"
"Mineralocorticoids","regular",0,1,1,0,0.00116009280742459,0.000900598724988489,FALSE,128,1,"C0026160","horm"
"Mineralocorticoids","regular",0,1,1,0,0.00116009280742459,0.000900598724988489,FALSE,128,1,"C0026160","strd"
"Mineralocorticoids","regular",0,1,1,0,0.00116009280742459,0.000900598724988489,FALSE,128,1,"C0026160","phsu"
"Molecule","regular",0,1,1,0,0.000970873786407767,0.000900598724988489,FALSE,127,1,"C0567416","sbst"
"Mutation","regular",0,2,2,0,0.00129198966408269,0.000900598724988489,FALSE,126,1,"C0026882","genf"
"Myocardial_dysfunction","regular",1,0,1,0,0.00116009280742459,0.00288037078240222,FALSE,292,1,"C0340515","patf"
"Myocardial_fibrosis","regular",1,0,1,0,0.00116009280742459,0.00288037078240222,FALSE,291,1,"C0151654","patf"
"Myocardial_Infarction","regular",1,0,1,0,0.00116009280742459,0.00288037078240222,FALSE,294,1,"C0027051","dsyn"
"Myocardial_Ischemia","regular",1,0,1,0,0.00116009280742459,0.00288037078240222,FALSE,293,1,"C0151744","dsyn"
"Na_K_Exchanging_ATPase","regular",0,1,1,0,0.00116009280742459,0.000900598724988489,FALSE,123,1,"C0001479","gngm"
"Na_K_Exchanging_ATPase","regular",0,1,1,0,0.00116009280742459,0.000900598724988489,FALSE,123,1,"C0001479","aapp"
"Na_K_Exchanging_ATPase","regular",0,1,1,0,0.00116009280742459,0.000900598724988489,FALSE,123,1,"C0001479","enzy"
"Neoplasm","regular",0,1,1,0,0.00116009280742459,0.000900598724988489,FALSE,122,1,"C0027651","neop"
"Neoplasm_Metastasis","regular",0,1,1,0,0.00116009280742459,0.000900598724988489,FALSE,121,1,"C0027627","neop"
"Nephrectomy","regular",0,1,1,0,0.00116009280742459,0.000900598724988489,FALSE,120,1,"C0027695","topp"
"Nephrosclerosis","regular",1,0,1,0,0.00116009280742459,0.00288037078240222,FALSE,290,1,"C0027719","dsyn"
"Nerve_Degeneration","regular",0,1,1,0,0.000970873786407767,0.000900598724988489,FALSE,119,1,"C0027746","comd"
"Neurodegenerative_Disorders","regular",1,1,2,0,0.000970873786407767,0.00551865234789473,TRUE,277,44,"C0524851","dsyn"
"Neurofibrillary_Tangles","regular",1,1,2,0,0.000970873786407767,0.00551865234789473,TRUE,277,44,"C0085400","acab"
"neuron_loss","regular",0,1,1,0,0.000970873786407767,0.000900598724988489,FALSE,11,1,"C0598940","comd"
"neuronal","regular",0,1,1,0,0.000970873786407767,0.000900598724988489,FALSE,10,1,"C0521390","imft"
"Neurotoxins","regular",0,1,1,0,0.000970873786407767,0.000900598724988489,FALSE,118,1,"C0027934","hops"
"NG_Nitroarginine_Methyl_Ester","regular",0,1,1,0,0.00116009280742459,0.000900598724988489,FALSE,125,1,"C0083536","bacs"
"NG_Nitroarginine_Methyl_Ester","regular",0,1,1,0,0.00116009280742459,0.000900598724988489,FALSE,125,1,"C0083536","gngm"
"NG_Nitroarginine_Methyl_Ester","regular",0,1,1,0,0.00116009280742459,0.000900598724988489,FALSE,125,1,"C0083536","aapp"
"Nicotine","regular",0,1,1,0,0.00116009280742459,0.000900598724988489,FALSE,117,1,"C0028040","phsu"
"Nicotine","regular",0,1,1,0,0.00116009280742459,0.000900598724988489,FALSE,117,1,"C0028040","hops"
"Nicotine","regular",0,1,1,0,0.00116009280742459,0.000900598724988489,FALSE,117,1,"C0028040","orch"
"Nicotinic_Receptors","regular",0,1,1,0,0.000970873786407767,0.000900598724988489,FALSE,116,1,"C0034830","gngm"
"Nicotinic_Receptors","regular",0,1,1,0,0.000970873786407767,0.000900598724988489,FALSE,116,1,"C0034830","rcpt"
"Nicotinic_Receptors","regular",0,1,1,0,0.000970873786407767,0.000900598724988489,FALSE,116,1,"C0034830","aapp"
"Nitric_Oxide","regular",0,2,2,0,0.00129198966408269,0.000900598724988489,FALSE,115,1,"C0028128","bacs"
"Nitric_Oxide","regular",0,2,2,0,0.00129198966408269,0.000900598724988489,FALSE,115,1,"C0028128","inch"
"Nitric_Oxide","regular",0,2,2,0,0.00129198966408269,0.000900598724988489,FALSE,115,1,"C0028128","phsu"
"Nitric_Oxide","regular",0,2,2,0,0.00129198966408269,0.000900598724988489,FALSE,115,1,"C0028128","orch"
"Nitric_Oxide_Synthase","regular",0,1,1,0,0.00116009280742459,0.000900598724988489,FALSE,114,1,"C0132555","gngm"
"Nitric_Oxide_Synthase","regular",0,1,1,0,0.00116009280742459,0.000900598724988489,FALSE,114,1,"C0132555","enzy"
"Nitric_Oxide_Synthase","regular",0,1,1,0,0.00116009280742459,0.000900598724988489,FALSE,114,1,"C0132555","aapp"
"Nitroarginine","regular",0,1,1,0,0.00116009280742459,0.000900598724988489,FALSE,113,1,"C0068821","phsu"
"Nitroarginine","regular",0,1,1,0,0.00116009280742459,0.000900598724988489,FALSE,113,1,"C0068821","orch"
"Noise","regular",0,1,1,0,0.00116009280742459,0.000900598724988489,FALSE,112,1,"C0028263","phpr"
"Norepinephrine","regular",0,1,1,0,0.00116009280742459,0.000900598724988489,FALSE,111,1,"C0028351","horm"
"Norepinephrine","regular",0,1,1,0,0.00116009280742459,0.000900598724988489,FALSE,111,1,"C0028351","phsu"
"Norepinephrine","regular",0,1,1,0,0.00116009280742459,0.000900598724988489,FALSE,111,1,"C0028351","nsba"
"Norepinephrine","regular",0,1,1,0,0.00116009280742459,0.000900598724988489,FALSE,111,1,"C0028351","orch"
"NOS3_protein_human_NOS3","regular",0,1,1,0,0.00116009280742459,0.000900598724988489,FALSE,124,1,NA,NA
"Obesity","regular",1,2,3,0,0.00129198966408269,0.00288037078240171,TRUE,277,44,"C0028754","dsyn"
"Obstruction","regular",0,1,1,0,0.00116009280742459,0.000900598724988489,FALSE,110,1,"C0028778","patf"
"Okadaic_Acid","regular",0,1,1,0,0.000970873786407767,0.000900598724988489,FALSE,109,1,"C0069389","orch"
"Okadaic_Acid","regular",0,1,1,0,0.000970873786407767,0.000900598724988489,FALSE,109,1,"C0069389","hops"
"Operative_Surgical_Procedures","regular",0,1,1,0,0.00116009280742459,0.000900598724988489,FALSE,108,1,"C0543467","topp"
"Ouabain","regular",0,1,1,0,0.00116009280742459,0.000900598724988489,FALSE,107,1,"C0029904","strd"
"Ouabain","regular",0,1,1,0,0.00116009280742459,0.000900598724988489,FALSE,107,1,"C0029904","carb"
"Ouabain","regular",0,1,1,0,0.00116009280742459,0.000900598724988489,FALSE,107,1,"C0029904","orch"
"Ouabain","regular",0,1,1,0,0.00116009280742459,0.000900598724988489,FALSE,107,1,"C0029904","phsu"
"Overweight","regular",0,1,1,0,0.00116009280742459,0.000900598724988489,FALSE,106,1,"C0497406","sosy"
"Overweight","regular",0,1,1,0,0.00116009280742459,0.000900598724988489,FALSE,106,1,"C0497406","fndg"
"Oxidation","regular",0,1,1,0,0.000970873786407767,0.000900598724988489,FALSE,105,1,"C0030011","phpr"
"Oxidation","regular",0,1,1,0,0.000970873786407767,0.000900598724988489,FALSE,105,1,"C0030011","moft"
"Oxidative_Stress","regular",0,2,2,0,0.00129198966408269,0.000900598724988489,FALSE,104,1,"C0242606","comd"
"Paraganglioma","regular",0,1,1,0,0.00116009280742459,0.000900598724988489,FALSE,101,1,"C0030421","neop"
"Parkinson_Disease","regular",1,1,2,0,0.000970873786407767,0.00551865234789473,TRUE,277,44,"C0030567","dsyn"
"Pathogenesis","regular",1,2,3,0,0.00129198966408269,0.00288037078240171,TRUE,277,44,"C0699748","patf"
"Pathologic_Processes","regular",0,1,1,0,0.000970873786407767,0.000900598724988489,FALSE,100,1,"C0030660","patf"
"Pathological_Dilatation","regular",1,0,1,0,0.00116009280742459,0.00288037078240222,FALSE,289,1,"C0012359","patf"
"Peptides","regular",0,1,1,0,0.000970873786407767,0.000900598724988489,FALSE,99,1,"C0030956","aapp"
"Peptides","regular",0,1,1,0,0.000970873786407767,0.000900598724988489,FALSE,99,1,"C0030956","gngm"
"Peptides","regular",0,1,1,0,0.000970873786407767,0.000900598724988489,FALSE,99,1,"C0030956","phsu"
"Peptidyl_Dipeptidase_A","regular",0,1,1,0,0.00116009280742459,0.000900598724988489,FALSE,98,1,"C0022709","enzy"
"Peptidyl_Dipeptidase_A","regular",0,1,1,0,0.00116009280742459,0.000900598724988489,FALSE,98,1,"C0022709","imft"
"Peptidyl_Dipeptidase_A","regular",0,1,1,0,0.00116009280742459,0.000900598724988489,FALSE,98,1,"C0022709","gngm"
"Peptidyl_Dipeptidase_A","regular",0,1,1,0,0.00116009280742459,0.000900598724988489,FALSE,98,1,"C0022709","aapp"
"Perinephritis","regular",0,1,1,0,0.00116009280742459,0.000900598724988489,FALSE,97,1,"C0031065","dsyn"
"Pharmaceutical_Preparations","regular",0,2,2,0,0.00129198966408269,0.000900598724988489,FALSE,96,1,"C0013227","phsu"
"Pharmacotherapy","regular",0,1,1,0,0.00116009280742459,0.000900598724988489,FALSE,95,1,"C0013216","topp"
"Phenylephrine","regular",0,1,1,0,0.00116009280742459,0.000900598724988489,FALSE,94,1,"C0031469","phsu"
"Phenylephrine","regular",0,1,1,0,0.00116009280742459,0.000900598724988489,FALSE,94,1,"C0031469","orch"
"Pheochromocytoma","regular",0,1,1,0,0.00116009280742459,0.000900598724988489,FALSE,93,1,"C0031511","neop"
"Plasma","regular",0,1,1,0,0.00116009280742459,0.000900598724988489,FALSE,92,1,"C0032105","bdsu"
"Players","regular",0,1,1,0,0.000970873786407767,0.000900598724988489,FALSE,91,1,"C5142959","sbst"
"Polymorphism_Genetic","regular",0,2,2,0,0.00129198966408269,0.000900598724988489,FALSE,90,1,NA,NA
"Posterior_reversible_encephalopathy_syndrome","regular",1,0,1,0,0.00116009280742459,0.00288037078240222,FALSE,288,1,"C3160858","dsyn"
"Potassium","regular",0,1,1,0,0.00116009280742459,0.000900598724988489,FALSE,89,1,"C0032821","phsu"
"Potassium","regular",0,1,1,0,0.00116009280742459,0.000900598724988489,FALSE,89,1,"C0032821","bacs"
"Potassium","regular",0,1,1,0,0.00116009280742459,0.000900598724988489,FALSE,89,1,"C0032821","elii"
"Pre_Eclampsia","regular",1,1,2,0,0.00116009280742459,0.00288037078240171,TRUE,277,44,"C0032914","patf"
"Pre_Eclampsia","regular",1,1,2,0,0.00116009280742459,0.00288037078240171,TRUE,277,44,"C0032914","dsyn"
"Pregnancy","regular",1,0,1,0,0.00116009280742459,0.00288037078240222,FALSE,287,1,"C0032961","orgf"
"Premature_Birth","regular",1,0,1,0,0.00116009280742459,0.00288037078240222,FALSE,286,1,"C0151526","patf"
"presenilin","regular",0,1,1,0,0.000970873786407767,0.000900598724988489,FALSE,9,1,"C0872078","aapp"
"presenilin","regular",0,1,1,0,0.000970873786407767,0.000900598724988489,FALSE,9,1,"C0872078","gngm"
"presenilin","regular",0,1,1,0,0.000970873786407767,0.000900598724988489,FALSE,9,1,"C0872078","rcpt"
"presenilin_1","regular",0,1,1,0,0.000970873786407767,0.000900598724988489,FALSE,8,1,"C0299212","aapp"
"presenilin_1","regular",0,1,1,0,0.000970873786407767,0.000900598724988489,FALSE,8,1,"C0299212","gngm"
"presenilin_1","regular",0,1,1,0,0.000970873786407767,0.000900598724988489,FALSE,8,1,"C0299212","bacs"
"presenilin_1_PSEN1","regular",0,1,1,0,0.000970873786407767,0.000900598724988489,FALSE,7,1,NA,NA
"Pressors","regular",0,1,1,0,0.00116009280742459,0.000900598724988489,FALSE,88,1,"C0237795","phsu"
"Prions","regular",0,1,1,0,0.000970873786407767,0.000900598724988489,FALSE,87,1,"C0033164","gngm"
"Prions","regular",0,1,1,0,0.000970873786407767,0.000900598724988489,FALSE,87,1,"C0033164","aapp"
"Process","regular",0,2,2,0,0.00129198966408269,0.000900598724988489,FALSE,86,1,"C1522240","phpr"
"Prostaglandins","regular",0,1,1,0,0.00116009280742459,0.000900598724988489,FALSE,85,1,"C0033554","orch"
"Prostaglandins","regular",0,1,1,0,0.00116009280742459,0.000900598724988489,FALSE,85,1,"C0033554","phsu"
"Prostaglandins","regular",0,1,1,0,0.00116009280742459,0.000900598724988489,FALSE,85,1,"C0033554","eico"
"Prostaglandins","regular",0,1,1,0,0.00116009280742459,0.000900598724988489,FALSE,85,1,"C0033554","horm"
"Prostaglandins","regular",0,1,1,0,0.00116009280742459,0.000900598724988489,FALSE,85,1,"C0033554","bacs"
"Proteins","regular",0,2,2,0,0.00129198966408269,0.000900598724988489,FALSE,84,1,"C0033684","aapp"
"Proteins","regular",0,2,2,0,0.00129198966408269,0.000900598724988489,FALSE,84,1,"C0033684","bacs"
"Proteins","regular",0,2,2,0,0.00129198966408269,0.000900598724988489,FALSE,84,1,"C0033684","gngm"
"Proteinuria","regular",1,0,1,0,0.00116009280742459,0.00288037078240222,FALSE,285,1,"C0033687","fndg"
"Proteinuria","regular",1,0,1,0,0.00116009280742459,0.00288037078240222,FALSE,285,1,"C0033687","dsyn"
"PS2_protein_alzheimer_associated_PSEN2","regular",0,1,1,0,0.000970873786407767,0.000900598724988489,FALSE,103,1,NA,NA
"PSEN1","regular",0,1,1,0,0.000970873786407767,0.000900598724988489,FALSE,102,1,NA,NA
"Pulmonary_Edema","regular",1,0,1,0,0.00116009280742459,0.00288037078240222,FALSE,284,1,"C0034063","patf"
"Pulmonary_Edema","regular",1,0,1,0,0.00116009280742459,0.00288037078240222,FALSE,284,1,"C0034063","dsyn"
"Purpura_Thrombotic_Thrombocytopenic","regular",1,0,1,0,0.00116009280742459,0.00288037078240222,FALSE,283,1,"C0034155","dsyn"
"Rare_Diseases","regular",0,1,1,0,0.00116009280742459,0.000900598724988489,FALSE,83,1,"C0678236","dsyn"
"Reactive_Oxygen_Species","regular",0,2,2,0,0.00129198966408269,0.000900598724988489,FALSE,82,1,"C0162772","elii"
"Reactive_Oxygen_Species","regular",0,2,2,0,0.00129198966408269,0.000900598724988489,FALSE,82,1,"C0162772","bacs"
"receptor","regular",0,2,2,0,0.00129198966408269,0.000900598724988489,FALSE,6,1,"C0597357","rcpt"
"receptor","regular",0,2,2,0,0.00129198966408269,0.000900598724988489,FALSE,6,1,"C0597357","aapp"
"receptor","regular",0,2,2,0,0.00129198966408269,0.000900598724988489,FALSE,6,1,"C0597357","gngm"
"Recombinant_Erythropoietin","regular",0,1,1,0,0.00116009280742459,0.000900598724988489,FALSE,81,1,"C0376541","phsu"
"Recombinant_Erythropoietin","regular",0,1,1,0,0.00116009280742459,0.000900598724988489,FALSE,81,1,"C0376541","gngm"
"Recombinant_Erythropoietin","regular",0,1,1,0,0.00116009280742459,0.000900598724988489,FALSE,81,1,"C0376541","aapp"
"Renal_artery_occlusion","regular",0,1,1,0,0.00116009280742459,0.000900598724988489,FALSE,79,1,"C0553718","anab"
"Renal_artery_occlusion","regular",0,1,1,0,0.00116009280742459,0.000900598724988489,FALSE,79,1,"C0553718","dsyn"
"Renal_Artery_Stenosis","regular",0,1,1,0,0.00116009280742459,0.000900598724988489,FALSE,80,1,"C0035067","dsyn"
"Renal_infarction","regular",0,1,1,0,0.00116009280742459,0.000900598724988489,FALSE,78,1,"C0035085","dsyn"
"Renal_Insufficiency","regular",1,1,2,0,0.00116009280742459,0.00288037078240171,TRUE,277,44,"C1565489","dsyn"
"Renal_ischaemia","regular",0,1,1,0,0.00116009280742459,0.000900598724988489,FALSE,77,1,NA,NA
"Renal_vascular_disorders_NOS","regular",0,1,1,0,0.00116009280742459,0.000900598724988489,FALSE,76,1,NA,NA
"Renin","regular",0,1,1,0,0.00116009280742459,0.000900598724988489,FALSE,75,1,"C0035094","aapp"
"Renin","regular",0,1,1,0,0.00116009280742459,0.000900598724988489,FALSE,75,1,"C0035094","gngm"
"Renin","regular",0,1,1,0,0.00116009280742459,0.000900598724988489,FALSE,75,1,"C0035094","enzy"
"Renin_REN","regular",0,1,1,0,0.00116009280742459,0.000900598724988489,FALSE,74,1,NA,NA
"Saline","regular",0,1,1,0,0.00116009280742459,0.000900598724988489,FALSE,72,1,"C0036082","clnd"
"Salts","regular",0,1,1,0,0.00116009280742459,0.000900598724988489,FALSE,71,1,"C0036140","chvs"
"scopolamine","regular",0,1,1,0,0.000970873786407767,0.000900598724988489,FALSE,5,1,"C0036442","phsu"
"scopolamine","regular",0,1,1,0,0.000970873786407767,0.000900598724988489,FALSE,5,1,"C0036442","orch"
"Senile_dementia","regular",1,0,1,0,0.000970873786407767,0.00551865234789726,FALSE,336,1,"C0011268","dsyn"
"Senile_Plaques","regular",1,0,1,0,0.000970873786407767,0.00551865234789726,FALSE,337,1,"C0333463","acab"
"Sensory_denervation_disorder","regular",0,1,1,0,0.00116009280742459,0.000900598724988489,FALSE,70,1,"C0234213","sosy"
"Serotonin","regular",0,1,1,0,0.00116009280742459,0.000900598724988489,FALSE,69,1,"C0036751","nsba"
"Serotonin","regular",0,1,1,0,0.00116009280742459,0.000900598724988489,FALSE,69,1,"C0036751","bacs"
"Serotonin","regular",0,1,1,0,0.00116009280742459,0.000900598724988489,FALSE,69,1,"C0036751","orch"
"Single_Nucleotide_Polymorphism","regular",0,1,1,0,0.000970873786407767,0.000900598724988489,FALSE,68,1,"C0752046","nusq"
"Sleep_Apnea_Obstructive","regular",0,1,1,0,0.00116009280742459,0.000900598724988489,FALSE,67,1,"C0520679","dsyn"
"Sleep_Apnea_Syndromes","regular",0,1,1,0,0.00116009280742459,0.000900598724988489,FALSE,66,1,"C0037315","dsyn"
"Sodium","regular",0,1,1,0,0.00116009280742459,0.000900598724988489,FALSE,65,1,"C0037473","bacs"
"Sodium","regular",0,1,1,0,0.00116009280742459,0.000900598724988489,FALSE,65,1,"C0037473","elii"
"Sodium_Chloride","regular",0,1,1,0,0.00116009280742459,0.000900598724988489,FALSE,64,1,"C0037494","inch"
"Sodium_Chloride","regular",0,1,1,0,0.00116009280742459,0.000900598724988489,FALSE,64,1,"C0037494","phsu"
"Sodium_Chloride","regular",0,1,1,0,0.00116009280742459,0.000900598724988489,FALSE,64,1,"C0037494","bacs"
"Sodium_Chloride_Dietary","regular",0,1,1,0,0.00116009280742459,0.000900598724988489,FALSE,63,1,"C0206136","inch"
"Sodium_Chloride_Dietary","regular",0,1,1,0,0.00116009280742459,0.000900598724988489,FALSE,63,1,"C0206136","food"
"sorafenib","regular",0,1,1,0,0.00116009280742459,0.000900598724988489,FALSE,4,1,"C1516119","phsu"
"sorafenib","regular",0,1,1,0,0.00116009280742459,0.000900598724988489,FALSE,4,1,"C1516119","orch"
"Spastic_syndrome","regular",1,0,1,0,0.00116009280742459,0.00288037078240222,FALSE,282,1,"C0270814","dsyn"
"Stenosis","regular",0,1,1,0,0.00116009280742459,0.000900598724988489,FALSE,62,1,"C1261287","patf"
"Stenosis_unspecified","regular",0,1,1,0,0.00116009280742459,0.000900598724988489,FALSE,61,1,"C0947637","patf"
"Steroids","regular",0,1,1,0,0.00116009280742459,0.000900598724988489,FALSE,60,1,"C0038317","phsu"
"Steroids","regular",0,1,1,0,0.00116009280742459,0.000900598724988489,FALSE,60,1,"C0038317","strd"
"Steroids","regular",0,1,1,0,0.00116009280742459,0.000900598724988489,FALSE,60,1,"C0038317","orch"
"Stiffness","regular",1,1,2,0,0.00116009280742459,0.00288037078240171,TRUE,277,44,"C0427008","sosy"
"Stimulus","regular",0,1,1,0,0.00116009280742459,0.000900598724988489,FALSE,59,1,"C0234402","phpr"
"Streptozocin","regular",0,2,2,0,0.00129198966408269,0.000900598724988489,FALSE,58,1,"C0038432","carb"
"Streptozocin","regular",0,2,2,0,0.00129198966408269,0.000900598724988489,FALSE,58,1,"C0038432","antb"
"Streptozocin","regular",0,2,2,0,0.00129198966408269,0.000900598724988489,FALSE,58,1,"C0038432","orch"
"Study_models","regular",0,2,2,0,0.00129198966408269,0.000900598724988489,FALSE,57,1,"C0026336","resd"
"Study_models","regular",0,2,2,0,0.00129198966408269,0.000900598724988489,FALSE,57,1,"C0026336","inpr"
"Substance","regular",0,1,1,0,0.00116009280742459,0.000900598724988489,FALSE,56,1,"C0439861","sbst"
"SUCLA2_gene_SUCLA2","regular",0,1,1,0,0.000970873786407767,0.000900598724988489,FALSE,73,1,NA,NA
"Sugars","regular",0,1,1,0,0.00116009280742459,0.000900598724988489,FALSE,55,1,"C0242209","orch"
"Sugars","regular",0,1,1,0,0.00116009280742459,0.000900598724988489,FALSE,55,1,"C0242209","phsu"
"Sugars","regular",0,1,1,0,0.00116009280742459,0.000900598724988489,FALSE,55,1,"C0242209","carb"
"Superoxides","regular",0,1,1,0,0.00116009280742459,0.000900598724988489,FALSE,54,1,"C0038836","elii"
"Symptoms","regular",2,2,4,1216.16666666667,0.00129198966408269,0.00749842440530796,TRUE,277,44,"C1457887","sosy"
"Syndrome","regular",2,1,3,1216.16666666667,0.00129198966408269,0.00749842440530796,TRUE,277,44,"C0039082","dsyn"
"Tacrolimus","regular",0,1,1,0,0.00116009280742459,0.000900598724988489,FALSE,52,1,"C0085149","orch"
"Tacrolimus","regular",0,1,1,0,0.00116009280742459,0.000900598724988489,FALSE,52,1,"C0085149","phsu"
"Takayasu_s_Arteritis","regular",0,1,1,0,0.00116009280742459,0.000900598724988489,FALSE,51,1,NA,NA
"tau_Proteins","regular",0,1,1,0,0.000970873786407767,0.000900598724988489,FALSE,3,1,"C0085401","gngm"
"tau_Proteins","regular",0,1,1,0,0.000970873786407767,0.000900598724988489,FALSE,3,1,"C0085401","aapp"
"tau_Proteins","regular",0,1,1,0,0.000970873786407767,0.000900598724988489,FALSE,3,1,"C0085401","bacs"
"tau_Proteins_MAPT","regular",0,1,1,0,0.000970873786407767,0.000900598724988489,FALSE,2,1,NA,NA
"Testosterone","regular",0,1,1,0,0.00116009280742459,0.000900598724988489,FALSE,50,1,"C0039601","orch"
"Testosterone","regular",0,1,1,0,0.00116009280742459,0.000900598724988489,FALSE,50,1,"C0039601","phsu"
"Testosterone","regular",0,1,1,0,0.00116009280742459,0.000900598724988489,FALSE,50,1,"C0039601","strd"
"Testosterone","regular",0,1,1,0,0.00116009280742459,0.000900598724988489,FALSE,50,1,"C0039601","horm"
"Therapeutic_procedure","regular",0,2,2,0,0.00129198966408269,0.000900598724988489,FALSE,49,1,"C0087111","topp"
"Thrombosis","regular",0,1,1,0,0.00116009280742459,0.000900598724988489,FALSE,48,1,"C0040053","patf"
"TNF_protein_human_TNF","regular",0,1,1,0,0.00116009280742459,0.000900598724988489,FALSE,53,1,NA,NA
"Tourniquets","regular",0,1,1,0,0.00116009280742459,0.000900598724988489,FALSE,47,1,"C0040519","medd"
"Toxic_effect","regular",0,2,2,0,0.00129198966408269,0.000900598724988489,FALSE,46,1,"C0600688","inpo"
"Transplantation","regular",0,1,1,0,0.00116009280742459,0.000900598724988489,FALSE,45,1,"C0040732","topp"
"Traumatic_Brain_Injury","regular",0,1,1,0,0.000970873786407767,0.000900598724988489,FALSE,44,1,"C0876926","inpo"
"Unilateral_nephrectomy","regular",0,1,1,0,0.00116009280742459,0.000900598724988489,FALSE,43,1,"C0194083","topp"
"Unilateral_renal_artery_stenosis","regular",0,1,1,0,0.00116009280742459,0.000900598724988489,FALSE,42,1,"C0856759","dsyn"
"Uric_Acid","regular",0,1,1,0,0.00116009280742459,0.000900598724988489,FALSE,41,1,"C0041980","bacs"
"Uric_Acid","regular",0,1,1,0,0.00116009280742459,0.000900598724988489,FALSE,41,1,"C0041980","orch"
"Vascular_Diseases","regular",1,2,3,0,0.00129198966408269,0.00288037078240171,TRUE,277,44,"C0042373","dsyn"
"vascular_factor","regular",0,1,1,0,0.000970873786407767,0.000900598724988489,FALSE,1,1,"C0078057","gngm"
"vascular_factor","regular",0,1,1,0,0.000970873786407767,0.000900598724988489,FALSE,1,1,"C0078057","aapp"
"Vasoconstrictor_Agents","regular",0,1,1,0,0.00116009280742459,0.000900598724988489,FALSE,40,1,"C0042397","phsu"
"Vasodilation_disorder","regular",0,1,1,0,0.00116009280742459,0.000900598724988489,FALSE,39,1,"C0595862","patf"
"Vasospasm","regular",0,1,1,0,0.00116009280742459,0.000900598724988489,FALSE,38,1,"C0085616","patf"
"Ventricular_Dysfunction_Left","regular",1,0,1,0,0.00116009280742459,0.00288037078240222,FALSE,281,1,"C0242698","patf"
"Ventricular_hypertrophy","regular",1,0,1,0,0.00116009280742459,0.00288037078240222,FALSE,280,1,"C0340279","dsyn"
"Virus","regular",0,1,1,0,0.000970873786407767,0.000900598724988489,FALSE,37,1,"C0042776","virs"
"Vitamin_D_Deficiency","regular",0,1,1,0,0.00116009280742459,0.000900598724988489,FALSE,36,1,"C0042870","dsyn"
"Water","regular",0,1,1,0,0.00116009280742459,0.000900598724988489,FALSE,35,1,"C0043047","phsu"
"Water","regular",0,1,1,0,0.00116009280742459,0.000900598724988489,FALSE,35,1,"C0043047","inch"
"Wounds_and_Injuries","regular",0,1,1,0,0.00116009280742459,0.000900598724988489,FALSE,34,1,"C0043251","inpo"
"Zinc","regular",0,1,1,0,0.000970873786407767,0.000900598724988489,FALSE,33,1,"C0043481","bacs"
"Zinc","regular",0,1,1,0,0.000970873786407767,0.000900598724988489,FALSE,33,1,"C0043481","phsu"
"Zinc","regular",0,1,1,0,0.000970873786407767,0.000900598724988489,FALSE,33,1,"C0043481","elii"
